#Namespace(arch='FeedForward', batch_size=128, beta1=0.9, beta1_tl=0.9, beta2=0.999, beta2_tl=0.999, checkpoint=False, checkpoint_file=None, clustering='faiss', contrastive_strategy_1=False, contrastive_strategy_2=False, data_dir='./data', dataset='CIFAR10', ds_split='train', ds_train=True, epochs=25, grayscale=False, input_dim=3, loss_fn='CrossEntropy', lr=0.05, lr_tl=0.05, metrics=True, metrics_dir='./metrics/CIFAR10/5_runs_100_epochs/', metrics_file=None, momentum=0.9, momentum_tl=0.9, num_classes=10, optimizer='SGD', optimizer_tl='SGD', param_requires_grad=False, pca=False, pca_method='faiss', pca_reduction=256, pca_whitening=False, reassign_clustering=False, reassign_optimizer_tl=True, remove_head=True, requires_grad=False, seed=None, sobel=False, verbose=True, weight_decay=1e-05, weight_decay_tl=1e-05)
epoch,loss_avg,contrastive_loss_avg,deep_cluster_loss_avg,accuracy,true_accuracy,nmi_true_pred,nmi_epochs,epoch_time,train_time,features_time,cluster_time,pca_time
0,1.8003315,0.0,1.8003315,0.34092548,0.10703125,0.042788461768323904,0.0,117.76950478553772,60.96891236305237,56.28150796890259,0.4086740016937256,0
1,1.4349082,0.0,1.4349082,0.48752004,0.12662259615384616,0.05401751371702975,0.30584454380007053,120.3566312789917,60.01294159889221,60.04900312423706,0.19669175148010254,0
2,1.3312248,0.0,1.3312248,0.5167468,0.12552083333333333,0.045475574805810506,0.37778253848983945,118.55791902542114,60.52566313743591,57.718202352523804,0.20901751518249512,0
3,1.5141183,0.0,1.5141183,0.46446314,0.13122996794871794,0.04388163331106826,0.44585632960045773,118.14738011360168,59.8144326210022,58.027533769607544,0.19907927513122559,0
4,1.723138,0.0,1.723138,0.40092146,0.12736378205128204,0.06095448924305985,0.3682817038407986,121.61504626274109,63.2139847278595,58.06819248199463,0.22376036643981934,0
5,6690111600000000.0,0.0,6690111600000000.0,0.71195024,0.18366653726708074,0.036891346763083206,0.12504259043944427,84.19126081466675,24.963241815567017,57.83927774429321,0.20488238334655762,0
