#Namespace(arch='FeedForward', input_dim=1, num_classes=10, sobel=False, grayscale=False, requires_grad=False, epochs=25, dataset='USPS', data_dir='./data', ds_train=False, ds_split='train', batch_size=128, optimizer='SGD', lr=0.05, momentum=0.9, weight_decay=1e-05, beta1=0.9, beta2=0.999, param_requires_grad=False, reassign_optimizer_tl=True, optimizer_tl='SGD', lr_tl=0.05, momentum_tl=0.9, weight_decay_tl=1e-05, beta1_tl=0.9, beta2_tl=0.999, loss_fn='CrossEntropy', pca=False, pca_method='faiss', pca_reduction=256, pca_whitening=False, reassign_clustering=False, clustering='sklearn', metrics=True, metrics_file=None, metrics_dir=None, checkpoint=False, checkpoint_file=None, verbose=True, seed=None, contrastive_strategy_1=False, contrastive_strategy_2=False, remove_head=True)
epoch,loss_avg,contrastive_loss_avg,deep_cluster_loss_avg,accuracy,true_accuracy,nmi_true_pred,nmi_epochs,epoch_time,train_time,features_time,cluster_time,pca_time
0,2.284871,0.0,2.284871,0.1625,0.48333333333333334,0.43186962175695487,0.0,2.779555082321167,1.7314560413360596,0.7099065780639648,0.30516719818115234,0
1,2.2184699,0.0,2.2184699,0.14270833,0.265625,0.18049013430190844,0.2263328071394722,2.7044191360473633,1.8063292503356934,0.7907576560974121,0.10053491592407227,0
2,2.1158452,0.0,2.1158452,0.19114584,0.25885416666666666,0.1881981643172844,0.5794985325668067,2.711214780807495,1.8937394618988037,0.7648227214813232,0.04644918441772461,0
3,1.9369699,0.0,1.9369699,0.253125,0.2609375,0.18740015764099027,0.5038618545658281,2.5649068355560303,1.7867317199707031,0.7354614734649658,0.03629112243652344,0
4,2.0183756,0.0,2.0183756,0.24635416,0.27760416666666665,0.18489996223476796,0.44495707387336264,2.812167167663574,1.9028334617614746,0.7632458209991455,0.14043426513671875,0
5,1.980168,0.0,1.980168,0.24010417,0.2859375,0.2150719846676049,0.4725949790480737,2.5204949378967285,1.7002770900726318,0.7618656158447266,0.0521087646484375,0
