#Namespace(arch='AlexNet', batch_size=128, beta1=0.9, beta1_tl=0.9, beta2=0.999, beta2_tl=0.999, checkpoint=None, clustering='faiss', data_dir='./data', dataset='MNIST', epochs=100, input_dim=1, loss_fn='CrossEntropy', lr=0.05, lr_tl=0.05, metrics=True, metrics_file=None, momentum=0.9, momentum_tl=0.9, num_classes=10, optimizer='SGD', optimizer_tl='SGD', pca_method='faiss', pca_reduction=256, pca_whitening=True, seed=42, sobel=False, verbose=True, weight_decay=1e-05, weight_decay_tl=1e-05)
epoch,loss_avg,accuracy,nmi_true_ped,nmi_epochs,epoch_time,train_time,features_time,cluster_time,pca_time
0,1.3612089,0.49205977,0.477109606383063,0.0,395.3348021507263,168.34644889831543,68.34853315353394,1.9807348251342773,122.37552952766418
1,1.0095022,0.6212909,0.47134365510731896,0.35135967586977557,412.6986072063446,141.80968618392944,64.2837131023407,0.3788306713104248,140.7213854789734
2,0.9463085,0.6531017,0.43045525301477616,0.5635109160179405,417.98603105545044,135.67556238174438,64.59634923934937,0.4418790340423584,134.19536328315735
3,0.92994505,0.6530073,0.41015465221386316,0.429985774699739,378.50364327430725,140.89115619659424,58.98203635215759,0.4340169429779053,130.1178915500641
4,0.8850476,0.6605033,0.46498365558394733,0.4069160483866027,378.2147846221924,140.8995234966278,64.49989056587219,1.0480527877807617,132.04218006134033
5,0.7999023,0.69836086,0.5039023280686701,0.46107165563594776,379.9672884941101,138.9058153629303,64.82265496253967,0.3918423652648926,129.41570234298706
0,1.217121,0.52891237,0.6142513345450152,0.0,416.1499283313751,163.46563863754272,66.73732304573059,1.5447471141815186,149.95276260375977
