epoch,loss_avg,accuracy,nmi_true_ped,nmi_epochs,epoch_time,train_time,features_time,cluster_time,pca_time
0,1.5996245,0.40565032,0.2781116634021054,0.0,274.4196422100067,93.95642137527466,44.5388400554657,0.7933554649353027,104.56138181686401
1,1.4727856,0.45372468,0.15749301301518945,0.3542299472708596,285.4751179218292,88.98129081726074,46.49984407424927,0.5238111019134521,113.80246114730835
2,1.4585234,0.45385793,0.14469446156187035,0.22413597504355323,286.84315037727356,89.40097045898438,45.97165083885193,0.586270809173584,116.62763285636902
